{"coverage": 90.14084507042253, "raw_data": {"meta": {"format": 3, "version": "7.11.3", "timestamp": "2025-11-16T16:23:51.838096", "branch_coverage": false, "show_contexts": false}, "files": {"src/pdum/hydra/__init__.py": {"executed_lines": [1, 8, 9, 10, 11, 13, 14, 15, 16, 17, 18, 19, 20, 22, 24, 35, 36, 37, 49, 50, 51, 54, 55, 56, 70, 71, 72, 75, 76, 77, 78, 83, 84, 86, 89, 90, 99, 100, 101, 102, 105, 106, 107, 108, 109, 110, 111, 118, 119, 133, 134, 137, 141, 142, 145, 146, 147, 148, 149, 151, 152, 153, 154, 158, 160, 161, 162, 163, 164, 165, 168, 169, 170, 171, 172, 173, 175, 176, 177, 178, 179, 180, 181, 182, 187, 189, 190, 192, 195, 196, 197, 200, 203, 205, 209, 210, 211, 212, 215, 216, 217, 218, 221, 223, 224, 225, 226, 227, 228, 231, 232, 234, 242, 245, 293, 294, 295, 296, 297, 298, 299, 300, 303, 305], "summary": {"covered_lines": 115, "num_statements": 129, "percent_covered": 89.14728682170542, "percent_covered_display": "89", "missing_lines": 14, "excluded_lines": 1}, "missing_lines": [79, 80, 81, 85, 116, 117, 121, 122, 130, 184, 185, 198, 204, 206], "excluded_lines": [251], "functions": {"sweep_dict_to_overrides": {"executed_lines": [76, 77, 78, 83, 84, 86], "summary": {"covered_lines": 6, "num_statements": 10, "percent_covered": 60.0, "percent_covered_display": "60", "missing_lines": 4, "excluded_lines": 0}, "missing_lines": [79, 80, 81, 85], "excluded_lines": []}, "render_sweep_config": {"executed_lines": [90, 99, 100, 101, 102], "summary": {"covered_lines": 5, "num_statements": 5, "percent_covered": 100.0, "percent_covered_display": "100", "missing_lines": 0, "excluded_lines": 0}, "missing_lines": [], "excluded_lines": []}, "render_multiple_sweeps": {"executed_lines": [106, 107, 108, 109, 110, 111, 118, 119], "summary": {"covered_lines": 8, "num_statements": 13, "percent_covered": 61.53846153846154, "percent_covered_display": "62", "missing_lines": 5, "excluded_lines": 0}, "missing_lines": [116, 117, 121, 122, 130], "excluded_lines": []}, "extract_sweep_overrides": {"executed_lines": [134, 137, 141, 142, 145, 146, 147, 148, 149, 151, 152, 153, 154, 158, 160, 161, 162, 163, 164, 165], "summary": {"covered_lines": 20, "num_statements": 20, "percent_covered": 100.0, "percent_covered_display": "100", "missing_lines": 0, "excluded_lines": 0}, "missing_lines": [], "excluded_lines": []}, "generate_sweep_overrides": {"executed_lines": [169, 170, 171, 172, 173, 175, 176, 177, 178, 179, 180, 181, 182, 187, 189, 190, 192], "summary": {"covered_lines": 17, "num_statements": 19, "percent_covered": 89.47368421052632, "percent_covered_display": "89", "missing_lines": 2, "excluded_lines": 0}, "missing_lines": [184, 185], "excluded_lines": []}, "simple_overrides_to_dict": {"executed_lines": [196, 223, 224, 225, 226, 227, 228], "summary": {"covered_lines": 7, "num_statements": 7, "percent_covered": 100.0, "percent_covered_display": "100", "missing_lines": 0, "excluded_lines": 0}, "missing_lines": [], "excluded_lines": []}, "simple_overrides_to_dict.convert_string": {"executed_lines": [197, 200, 203, 205, 209, 210, 211, 212, 215, 216, 217, 218, 221], "summary": {"covered_lines": 13, "num_statements": 16, "percent_covered": 81.25, "percent_covered_display": "81", "missing_lines": 3, "excluded_lines": 0}, "missing_lines": [198, 204, 206], "excluded_lines": []}, "_generate_sweep_configs": {"executed_lines": [232, 234, 242], "summary": {"covered_lines": 3, "num_statements": 3, "percent_covered": 100.0, "percent_covered_display": "100", "missing_lines": 0, "excluded_lines": 0}, "missing_lines": [], "excluded_lines": []}, "generate_sweep_configs": {"executed_lines": [293, 294, 295, 296, 297, 298, 299, 300], "summary": {"covered_lines": 8, "num_statements": 8, "percent_covered": 100.0, "percent_covered_display": "100", "missing_lines": 0, "excluded_lines": 1}, "missing_lines": [], "excluded_lines": [251]}, "": {"executed_lines": [1, 8, 9, 10, 11, 13, 14, 15, 16, 17, 18, 19, 20, 22, 24, 35, 36, 37, 49, 50, 51, 54, 55, 56, 70, 71, 72, 75, 89, 105, 133, 168, 195, 231, 245, 303, 305], "summary": {"covered_lines": 28, "num_statements": 28, "percent_covered": 100.0, "percent_covered_display": "100", "missing_lines": 0, "excluded_lines": 0}, "missing_lines": [], "excluded_lines": []}}, "classes": {"RunConfig": {"executed_lines": [], "summary": {"covered_lines": 0, "num_statements": 0, "percent_covered": 100.0, "percent_covered_display": "100", "missing_lines": 0, "excluded_lines": 0}, "missing_lines": [], "excluded_lines": []}, "GeneratedRuns": {"executed_lines": [], "summary": {"covered_lines": 0, "num_statements": 0, "percent_covered": 100.0, "percent_covered_display": "100", "missing_lines": 0, "excluded_lines": 0}, "missing_lines": [], "excluded_lines": []}, "": {"executed_lines": [1, 8, 9, 10, 11, 13, 14, 15, 16, 17, 18, 19, 20, 22, 24, 35, 36, 37, 49, 50, 51, 54, 55, 56, 70, 71, 72, 75, 76, 77, 78, 83, 84, 86, 89, 90, 99, 100, 101, 102, 105, 106, 107, 108, 109, 110, 111, 118, 119, 133, 134, 137, 141, 142, 145, 146, 147, 148, 149, 151, 152, 153, 154, 158, 160, 161, 162, 163, 164, 165, 168, 169, 170, 171, 172, 173, 175, 176, 177, 178, 179, 180, 181, 182, 187, 189, 190, 192, 195, 196, 197, 200, 203, 205, 209, 210, 211, 212, 215, 216, 217, 218, 221, 223, 224, 225, 226, 227, 228, 231, 232, 234, 242, 245, 293, 294, 295, 296, 297, 298, 299, 300, 303, 305], "summary": {"covered_lines": 115, "num_statements": 129, "percent_covered": 89.14728682170542, "percent_covered_display": "89", "missing_lines": 14, "excluded_lines": 1}, "missing_lines": [79, 80, 81, 85, 116, 117, 121, 122, 130, 184, 185, 198, 204, 206], "excluded_lines": [251]}}}, "src/pdum/hydra/dynamic.py": {"executed_lines": [1, 7, 8, 9, 10, 12, 14, 51, 52, 53, 54, 55, 57, 58], "summary": {"covered_lines": 13, "num_statements": 13, "percent_covered": 100.0, "percent_covered_display": "100", "missing_lines": 0, "excluded_lines": 0}, "missing_lines": [], "excluded_lines": [], "functions": {"load_config": {"executed_lines": [51, 52, 53, 54, 55, 57, 58], "summary": {"covered_lines": 7, "num_statements": 7, "percent_covered": 100.0, "percent_covered_display": "100", "missing_lines": 0, "excluded_lines": 0}, "missing_lines": [], "excluded_lines": []}, "": {"executed_lines": [1, 7, 8, 9, 10, 12, 14], "summary": {"covered_lines": 6, "num_statements": 6, "percent_covered": 100.0, "percent_covered_display": "100", "missing_lines": 0, "excluded_lines": 0}, "missing_lines": [], "excluded_lines": []}}, "classes": {"": {"executed_lines": [1, 7, 8, 9, 10, 12, 14, 51, 52, 53, 54, 55, 57, 58], "summary": {"covered_lines": 13, "num_statements": 13, "percent_covered": 100.0, "percent_covered_display": "100", "missing_lines": 0, "excluded_lines": 0}, "missing_lines": [], "excluded_lines": []}}}}, "totals": {"covered_lines": 128, "num_statements": 142, "percent_covered": 90.14084507042253, "percent_covered_display": "90", "missing_lines": 14, "excluded_lines": 1}}, "coverage_path": "."}